Lineage,Missing_GO_Term,Responsible_Missing_Genes
Lineage_1,"oxidoreductase activity, acting on a heme group of donors",msrP
Lineage_1,"oxidoreductase activity, acting on a sulfur group of donors",msrP
Lineage_1,protein flavinylation,ftp
Lineage_1,regulation of DNA-binding transcription factor activity,ftp
Lineage_1,phosphoribosyl-ATP diphosphatase activity,hisI
Lineage_1,phosphoribosyl-AMP cyclohydrolase activity,hisI
Lineage_1,"di-trans,poly-cis-undecaprenyl-diphosphate synthase activity",ispU
Lineage_1,dehydrodolichyl diphosphate synthase activity,ispU
Lineage_1,L-methionine biosynthetic process from homoserine via O-succinyl-L-homoserine and cystathionine,metA
Lineage_1,homoserine O-succinyltransferase activity,metA
Lineage_1,homoserine O-acetyltransferase activity,metA
Lineage_1,tryptophan biosynthetic process,trpD
Lineage_1,phenazine biosynthetic process,trpD
Lineage_1,thiosulfate transmembrane transporter activity,tsuA
Lineage_2,protein flavinylation,ftp
Lineage_2,regulation of DNA-binding transcription factor activity,ftp
Lineage_2,phosphoribosyl-ATP diphosphatase activity,hisI
Lineage_2,phosphoribosyl-AMP cyclohydrolase activity,hisI
Lineage_2,"di-trans,poly-cis-undecaprenyl-diphosphate synthase activity",ispU
Lineage_2,dehydrodolichyl diphosphate synthase activity,ispU
Lineage_2,L-methionine biosynthetic process from homoserine via O-succinyl-L-homoserine and cystathionine,metA
Lineage_2,homoserine O-succinyltransferase activity,metA
Lineage_2,homoserine O-acetyltransferase activity,metA
Lineage_2,tryptophan biosynthetic process,trpD
Lineage_2,phenazine biosynthetic process,trpD
Lineage_2,thiosulfate transmembrane transporter activity,tsuA
Lineage_3,protein flavinylation,ftp
Lineage_3,regulation of DNA-binding transcription factor activity,ftp
Lineage_3,phosphoribosyl-ATP diphosphatase activity,hisI
Lineage_3,phosphoribosyl-AMP cyclohydrolase activity,hisI
Lineage_3,"di-trans,poly-cis-undecaprenyl-diphosphate synthase activity",ispU
Lineage_3,dehydrodolichyl diphosphate synthase activity,ispU
Lineage_3,L-methionine biosynthetic process from homoserine via O-succinyl-L-homoserine and cystathionine,metA
Lineage_3,homoserine O-succinyltransferase activity,metA
Lineage_3,homoserine O-acetyltransferase activity,metA
Lineage_3,tryptophan biosynthetic process,trpD
Lineage_3,phenazine biosynthetic process,trpD
Lineage_3,thiosulfate transmembrane transporter activity,tsuA
Lineage_4,isocitrate dehydrogenase (NADP+) activity,icd
Lineage_4,protein flavinylation,ftp
Lineage_4,regulation of DNA-binding transcription factor activity,ftp
Lineage_4,phosphoribosyl-ATP diphosphatase activity,hisI
Lineage_4,phosphoribosyl-AMP cyclohydrolase activity,hisI
Lineage_4,"di-trans,poly-cis-undecaprenyl-diphosphate synthase activity",ispU
Lineage_4,dehydrodolichyl diphosphate synthase activity,ispU
Lineage_4,L-methionine biosynthetic process from homoserine via O-succinyl-L-homoserine and cystathionine,metA
Lineage_4,homoserine O-succinyltransferase activity,metA
Lineage_4,homoserine O-acetyltransferase activity,metA
Lineage_4,tryptophan biosynthetic process,trpD
Lineage_4,phenazine biosynthetic process,trpD
Lineage_4,thiosulfate transmembrane transporter activity,tsuA
Lineage_5,protein flavinylation,ftp
Lineage_5,regulation of DNA-binding transcription factor activity,ftp
Lineage_5,phosphoribosyl-ATP diphosphatase activity,hisI
Lineage_5,phosphoribosyl-AMP cyclohydrolase activity,hisI
Lineage_5,"di-trans,poly-cis-undecaprenyl-diphosphate synthase activity",ispU
Lineage_5,dehydrodolichyl diphosphate synthase activity,ispU
Lineage_5,L-methionine biosynthetic process from homoserine via O-succinyl-L-homoserine and cystathionine,metA
Lineage_5,homoserine O-succinyltransferase activity,metA
Lineage_5,homoserine O-acetyltransferase activity,metA
Lineage_5,tryptophan biosynthetic process,trpD
Lineage_5,phenazine biosynthetic process,trpD
Lineage_5,thiosulfate transmembrane transporter activity,tsuA
Lineage_6,protein flavinylation,ftp
Lineage_6,regulation of DNA-binding transcription factor activity,ftp
Lineage_6,phosphoribosyl-ATP diphosphatase activity,hisI
Lineage_6,phosphoribosyl-AMP cyclohydrolase activity,hisI
Lineage_6,"di-trans,poly-cis-undecaprenyl-diphosphate synthase activity",ispU
Lineage_6,dehydrodolichyl diphosphate synthase activity,ispU
Lineage_6,L-methionine biosynthetic process from homoserine via O-succinyl-L-homoserine and cystathionine,metA
Lineage_6,homoserine O-succinyltransferase activity,metA
Lineage_6,homoserine O-acetyltransferase activity,metA
Lineage_6,tryptophan biosynthetic process,trpD
Lineage_6,phenazine biosynthetic process,trpD
Lineage_6,thiosulfate transmembrane transporter activity,tsuA
Lineage_7,protein flavinylation,ftp
Lineage_7,regulation of DNA-binding transcription factor activity,ftp
Lineage_7,phosphoribosyl-ATP diphosphatase activity,hisI
Lineage_7,phosphoribosyl-AMP cyclohydrolase activity,hisI
Lineage_7,"di-trans,poly-cis-undecaprenyl-diphosphate synthase activity",ispU
Lineage_7,dehydrodolichyl diphosphate synthase activity,ispU
Lineage_7,L-methionine biosynthetic process from homoserine via O-succinyl-L-homoserine and cystathionine,metA
Lineage_7,homoserine O-succinyltransferase activity,metA
Lineage_7,homoserine O-acetyltransferase activity,metA
Lineage_7,tryptophan biosynthetic process,trpD
Lineage_7,phenazine biosynthetic process,trpD
Lineage_7,thiosulfate transmembrane transporter activity,tsuA
Lineage_8,protein flavinylation,ftp
Lineage_8,regulation of DNA-binding transcription factor activity,ftp
Lineage_8,phosphoribosyl-ATP diphosphatase activity,hisI
Lineage_8,phosphoribosyl-AMP cyclohydrolase activity,hisI
Lineage_8,"di-trans,poly-cis-undecaprenyl-diphosphate synthase activity",ispU
Lineage_8,dehydrodolichyl diphosphate synthase activity,ispU
Lineage_8,L-methionine biosynthetic process from homoserine via O-succinyl-L-homoserine and cystathionine,metA
Lineage_8,homoserine O-succinyltransferase activity,metA
Lineage_8,homoserine O-acetyltransferase activity,metA
Lineage_8,tryptophan biosynthetic process,trpD
Lineage_8,phenazine biosynthetic process,trpD
Lineage_8,thiosulfate transmembrane transporter activity,tsuA
Lineage_9,protein flavinylation,ftp
Lineage_9,regulation of DNA-binding transcription factor activity,ftp
Lineage_9,phosphoribosyl-ATP diphosphatase activity,hisI
Lineage_9,phosphoribosyl-AMP cyclohydrolase activity,hisI
Lineage_9,"di-trans,poly-cis-undecaprenyl-diphosphate synthase activity",ispU
Lineage_9,dehydrodolichyl diphosphate synthase activity,ispU
Lineage_9,L-methionine biosynthetic process from homoserine via O-succinyl-L-homoserine and cystathionine,metA
Lineage_9,homoserine O-succinyltransferase activity,metA
Lineage_9,homoserine O-acetyltransferase activity,metA
Lineage_9,tryptophan biosynthetic process,trpD
Lineage_9,phenazine biosynthetic process,trpD
Lineage_9,thiosulfate transmembrane transporter activity,tsuA
Lineage_10,3-hydroxyisobutyrate dehydrogenase activity,ydfG
Lineage_10,serine 3-dehydrogenase activity,ydfG
Lineage_10,protein flavinylation,ftp
Lineage_10,regulation of DNA-binding transcription factor activity,ftp
Lineage_10,phosphoribosyl-ATP diphosphatase activity,hisI
Lineage_10,phosphoribosyl-AMP cyclohydrolase activity,hisI
Lineage_10,"di-trans,poly-cis-undecaprenyl-diphosphate synthase activity",ispU
Lineage_10,dehydrodolichyl diphosphate synthase activity,ispU
Lineage_10,L-methionine biosynthetic process from homoserine via O-succinyl-L-homoserine and cystathionine,metA
Lineage_10,homoserine O-succinyltransferase activity,metA
Lineage_10,homoserine O-acetyltransferase activity,metA
Lineage_10,tryptophan biosynthetic process,trpD
Lineage_10,phenazine biosynthetic process,trpD
Lineage_10,thiosulfate transmembrane transporter activity,tsuA
Lineage_11,protein flavinylation,ftp
Lineage_11,regulation of DNA-binding transcription factor activity,ftp
Lineage_11,phosphoribosyl-ATP diphosphatase activity,hisI
Lineage_11,phosphoribosyl-AMP cyclohydrolase activity,hisI
Lineage_11,"di-trans,poly-cis-undecaprenyl-diphosphate synthase activity",ispU
Lineage_11,dehydrodolichyl diphosphate synthase activity,ispU
Lineage_11,L-methionine biosynthetic process from homoserine via O-succinyl-L-homoserine and cystathionine,metA
Lineage_11,homoserine O-succinyltransferase activity,metA
Lineage_11,homoserine O-acetyltransferase activity,metA
Lineage_11,tryptophan biosynthetic process,trpD
Lineage_11,phenazine biosynthetic process,trpD
Lineage_11,thiosulfate transmembrane transporter activity,tsuA
Lineage_12,protein flavinylation,ftp
Lineage_12,regulation of DNA-binding transcription factor activity,ftp
Lineage_12,phosphoribosyl-ATP diphosphatase activity,hisI
Lineage_12,phosphoribosyl-AMP cyclohydrolase activity,hisI
Lineage_12,"di-trans,poly-cis-undecaprenyl-diphosphate synthase activity",ispU
Lineage_12,dehydrodolichyl diphosphate synthase activity,ispU
Lineage_12,L-methionine biosynthetic process from homoserine via O-succinyl-L-homoserine and cystathionine,metA
Lineage_12,homoserine O-succinyltransferase activity,metA
Lineage_12,homoserine O-acetyltransferase activity,metA
Lineage_12,tryptophan biosynthetic process,trpD
Lineage_12,phenazine biosynthetic process,trpD
Lineage_12,thiosulfate transmembrane transporter activity,tsuA
Lineage_13,protein flavinylation,ftp
Lineage_13,regulation of DNA-binding transcription factor activity,ftp
Lineage_13,phosphoribosyl-ATP diphosphatase activity,hisI
Lineage_13,phosphoribosyl-AMP cyclohydrolase activity,hisI
Lineage_13,"di-trans,poly-cis-undecaprenyl-diphosphate synthase activity",ispU
Lineage_13,dehydrodolichyl diphosphate synthase activity,ispU
Lineage_13,L-methionine biosynthetic process from homoserine via O-succinyl-L-homoserine and cystathionine,metA
Lineage_13,homoserine O-succinyltransferase activity,metA
Lineage_13,homoserine O-acetyltransferase activity,metA
Lineage_13,tryptophan biosynthetic process,trpD
Lineage_13,phenazine biosynthetic process,trpD
Lineage_13,thiosulfate transmembrane transporter activity,tsuA
Lineage_14,1-(5-phosphoribosyl)-5-[(5-phosphoribosylamino)methylideneamino]imidazole-4-carboxamide isomerase activity,hisA
Lineage_14,histidinol-phosphate transaminase activity,hisC
Lineage_14,protein flavinylation,ftp
Lineage_14,regulation of DNA-binding transcription factor activity,ftp
Lineage_14,phosphoribosyl-ATP diphosphatase activity,hisI
Lineage_14,phosphoribosyl-AMP cyclohydrolase activity,hisI
Lineage_14,"di-trans,poly-cis-undecaprenyl-diphosphate synthase activity",ispU
Lineage_14,dehydrodolichyl diphosphate synthase activity,ispU
Lineage_14,L-methionine biosynthetic process from homoserine via O-succinyl-L-homoserine and cystathionine,metA
Lineage_14,homoserine O-succinyltransferase activity,metA
Lineage_14,homoserine O-acetyltransferase activity,metA
Lineage_14,tryptophan biosynthetic process,trpD
Lineage_14,phenazine biosynthetic process,trpD
Lineage_14,thiosulfate transmembrane transporter activity,tsuA
Lineage_15,protein flavinylation,ftp
Lineage_15,regulation of DNA-binding transcription factor activity,ftp
Lineage_15,phosphoribosyl-ATP diphosphatase activity,hisI
Lineage_15,phosphoribosyl-AMP cyclohydrolase activity,hisI
Lineage_15,"di-trans,poly-cis-undecaprenyl-diphosphate synthase activity",ispU
Lineage_15,dehydrodolichyl diphosphate synthase activity,ispU
Lineage_15,L-methionine biosynthetic process from homoserine via O-succinyl-L-homoserine and cystathionine,metA
Lineage_15,homoserine O-succinyltransferase activity,metA
Lineage_15,homoserine O-acetyltransferase activity,metA
Lineage_15,tryptophan biosynthetic process,trpD
Lineage_15,phenazine biosynthetic process,trpD
Lineage_15,thiosulfate transmembrane transporter activity,tsuA
Lineage_16,protein flavinylation,ftp
Lineage_16,regulation of DNA-binding transcription factor activity,ftp
Lineage_16,phosphoribosyl-ATP diphosphatase activity,hisI
Lineage_16,phosphoribosyl-AMP cyclohydrolase activity,hisI
Lineage_16,"di-trans,poly-cis-undecaprenyl-diphosphate synthase activity",ispU
Lineage_16,dehydrodolichyl diphosphate synthase activity,ispU
Lineage_16,L-methionine biosynthetic process from homoserine via O-succinyl-L-homoserine and cystathionine,metA
Lineage_16,homoserine O-succinyltransferase activity,metA
Lineage_16,homoserine O-acetyltransferase activity,metA
Lineage_16,tryptophan biosynthetic process,trpD
Lineage_16,phenazine biosynthetic process,trpD
Lineage_16,thiosulfate transmembrane transporter activity,tsuA
Lineage_17,protein flavinylation,ftp
Lineage_17,regulation of DNA-binding transcription factor activity,ftp
Lineage_17,phosphoribosyl-ATP diphosphatase activity,hisI
Lineage_17,phosphoribosyl-AMP cyclohydrolase activity,hisI
Lineage_17,"di-trans,poly-cis-undecaprenyl-diphosphate synthase activity",ispU
Lineage_17,dehydrodolichyl diphosphate synthase activity,ispU
Lineage_17,L-methionine biosynthetic process from homoserine via O-succinyl-L-homoserine and cystathionine,metA
Lineage_17,homoserine O-succinyltransferase activity,metA
Lineage_17,homoserine O-acetyltransferase activity,metA
Lineage_17,tryptophan biosynthetic process,trpD
Lineage_17,phenazine biosynthetic process,trpD
Lineage_17,thiosulfate transmembrane transporter activity,tsuA
Lineage_18,protein flavinylation,ftp
Lineage_18,regulation of DNA-binding transcription factor activity,ftp
Lineage_18,phosphoribosyl-ATP diphosphatase activity,hisI
Lineage_18,phosphoribosyl-AMP cyclohydrolase activity,hisI
Lineage_18,"di-trans,poly-cis-undecaprenyl-diphosphate synthase activity",ispU
Lineage_18,dehydrodolichyl diphosphate synthase activity,ispU
Lineage_18,L-methionine biosynthetic process from homoserine via O-succinyl-L-homoserine and cystathionine,metA
Lineage_18,homoserine O-succinyltransferase activity,metA
Lineage_18,homoserine O-acetyltransferase activity,metA
Lineage_18,tryptophan biosynthetic process,trpD
Lineage_18,phenazine biosynthetic process,trpD
Lineage_18,thiosulfate transmembrane transporter activity,tsuA
Lineage_19,aromatic amino acid metabolic process,trpC
Lineage_19,indolalkylamine metabolic process,trpC
Lineage_19,indole-3-glycerol-phosphate synthase activity,trpC
Lineage_19,phosphoribosylanthranilate isomerase activity,trpC
Lineage_19,protein flavinylation,ftp
Lineage_19,regulation of DNA-binding transcription factor activity,ftp
Lineage_19,phosphoribosyl-ATP diphosphatase activity,hisI
Lineage_19,phosphoribosyl-AMP cyclohydrolase activity,hisI
Lineage_19,"di-trans,poly-cis-undecaprenyl-diphosphate synthase activity",ispU
Lineage_19,dehydrodolichyl diphosphate synthase activity,ispU
Lineage_19,L-methionine biosynthetic process from homoserine via O-succinyl-L-homoserine and cystathionine,metA
Lineage_19,homoserine O-succinyltransferase activity,metA
Lineage_19,homoserine O-acetyltransferase activity,metA
Lineage_19,tryptophan biosynthetic process,trpD
Lineage_19,phenazine biosynthetic process,trpD
Lineage_19,thiosulfate transmembrane transporter activity,tsuA
Lineage_20,protein flavinylation,ftp
Lineage_20,regulation of DNA-binding transcription factor activity,ftp
Lineage_20,phosphoribosyl-ATP diphosphatase activity,hisI
Lineage_20,phosphoribosyl-AMP cyclohydrolase activity,hisI
Lineage_20,"di-trans,poly-cis-undecaprenyl-diphosphate synthase activity",ispU
Lineage_20,dehydrodolichyl diphosphate synthase activity,ispU
Lineage_20,L-methionine biosynthetic process from homoserine via O-succinyl-L-homoserine and cystathionine,metA
Lineage_20,homoserine O-succinyltransferase activity,metA
Lineage_20,homoserine O-acetyltransferase activity,metA
Lineage_20,tryptophan biosynthetic process,trpD
Lineage_20,phenazine biosynthetic process,trpD
Lineage_20,thiosulfate transmembrane transporter activity,tsuA
Lineage_22,protein flavinylation,ftp
Lineage_22,regulation of DNA-binding transcription factor activity,ftp
Lineage_22,phosphoribosyl-ATP diphosphatase activity,hisI
Lineage_22,phosphoribosyl-AMP cyclohydrolase activity,hisI
Lineage_22,"di-trans,poly-cis-undecaprenyl-diphosphate synthase activity",ispU
Lineage_22,dehydrodolichyl diphosphate synthase activity,ispU
Lineage_22,L-methionine biosynthetic process from homoserine via O-succinyl-L-homoserine and cystathionine,metA
Lineage_22,homoserine O-succinyltransferase activity,metA
Lineage_22,homoserine O-acetyltransferase activity,metA
Lineage_22,tryptophan biosynthetic process,trpD
Lineage_22,phenazine biosynthetic process,trpD
Lineage_22,thiosulfate transmembrane transporter activity,tsuA
Lineage_23,protein flavinylation,ftp
Lineage_23,regulation of DNA-binding transcription factor activity,ftp
Lineage_23,phosphoribosyl-ATP diphosphatase activity,hisI
Lineage_23,phosphoribosyl-AMP cyclohydrolase activity,hisI
Lineage_23,"di-trans,poly-cis-undecaprenyl-diphosphate synthase activity",ispU
Lineage_23,dehydrodolichyl diphosphate synthase activity,ispU
Lineage_23,L-methionine biosynthetic process from homoserine via O-succinyl-L-homoserine and cystathionine,metA
Lineage_23,homoserine O-succinyltransferase activity,metA
Lineage_23,homoserine O-acetyltransferase activity,metA
Lineage_23,tryptophan biosynthetic process,trpD
Lineage_23,phenazine biosynthetic process,trpD
Lineage_23,thiosulfate transmembrane transporter activity,tsuA
Lineage_24,protein flavinylation,ftp
Lineage_24,regulation of DNA-binding transcription factor activity,ftp
Lineage_24,phosphoribosyl-ATP diphosphatase activity,hisI
Lineage_24,phosphoribosyl-AMP cyclohydrolase activity,hisI
Lineage_24,"di-trans,poly-cis-undecaprenyl-diphosphate synthase activity",ispU
Lineage_24,dehydrodolichyl diphosphate synthase activity,ispU
Lineage_24,L-methionine biosynthetic process from homoserine via O-succinyl-L-homoserine and cystathionine,metA
Lineage_24,homoserine O-succinyltransferase activity,metA
Lineage_24,homoserine O-acetyltransferase activity,metA
Lineage_24,tryptophan biosynthetic process,trpD
Lineage_24,phenazine biosynthetic process,trpD
Lineage_24,thiosulfate transmembrane transporter activity,tsuA
Lineage_25,protein flavinylation,ftp
Lineage_25,regulation of DNA-binding transcription factor activity,ftp
Lineage_25,phosphoribosyl-ATP diphosphatase activity,hisI
Lineage_25,phosphoribosyl-AMP cyclohydrolase activity,hisI
Lineage_25,"di-trans,poly-cis-undecaprenyl-diphosphate synthase activity",ispU
Lineage_25,dehydrodolichyl diphosphate synthase activity,ispU
Lineage_25,L-methionine biosynthetic process from homoserine via O-succinyl-L-homoserine and cystathionine,metA
Lineage_25,homoserine O-succinyltransferase activity,metA
Lineage_25,homoserine O-acetyltransferase activity,metA
Lineage_25,tryptophan biosynthetic process,trpD
Lineage_25,phenazine biosynthetic process,trpD
Lineage_25,thiosulfate transmembrane transporter activity,tsuA
Lineage_26,protein flavinylation,ftp
Lineage_26,regulation of DNA-binding transcription factor activity,ftp
Lineage_26,phosphoribosyl-ATP diphosphatase activity,hisI
Lineage_26,phosphoribosyl-AMP cyclohydrolase activity,hisI
Lineage_26,"di-trans,poly-cis-undecaprenyl-diphosphate synthase activity",ispU
Lineage_26,dehydrodolichyl diphosphate synthase activity,ispU
Lineage_26,L-methionine biosynthetic process from homoserine via O-succinyl-L-homoserine and cystathionine,metA
Lineage_26,homoserine O-succinyltransferase activity,metA
Lineage_26,homoserine O-acetyltransferase activity,metA
Lineage_26,tryptophan biosynthetic process,trpD
Lineage_26,phenazine biosynthetic process,trpD
Lineage_26,thiosulfate transmembrane transporter activity,tsuA
Lineage_27,protein flavinylation,ftp
Lineage_27,regulation of DNA-binding transcription factor activity,ftp
Lineage_27,phosphoribosyl-ATP diphosphatase activity,hisI
Lineage_27,phosphoribosyl-AMP cyclohydrolase activity,hisI
Lineage_27,"di-trans,poly-cis-undecaprenyl-diphosphate synthase activity",ispU
Lineage_27,dehydrodolichyl diphosphate synthase activity,ispU
Lineage_27,L-methionine biosynthetic process from homoserine via O-succinyl-L-homoserine and cystathionine,metA
Lineage_27,homoserine O-succinyltransferase activity,metA
Lineage_27,homoserine O-acetyltransferase activity,metA
Lineage_27,tryptophan biosynthetic process,trpD
Lineage_27,phenazine biosynthetic process,trpD
Lineage_27,thiosulfate transmembrane transporter activity,tsuA
Lineage_28,protein flavinylation,ftp
Lineage_28,regulation of DNA-binding transcription factor activity,ftp
Lineage_28,phosphoribosyl-ATP diphosphatase activity,hisI
Lineage_28,phosphoribosyl-AMP cyclohydrolase activity,hisI
Lineage_28,"di-trans,poly-cis-undecaprenyl-diphosphate synthase activity",ispU
Lineage_28,dehydrodolichyl diphosphate synthase activity,ispU
Lineage_28,L-methionine biosynthetic process from homoserine via O-succinyl-L-homoserine and cystathionine,metA
Lineage_28,homoserine O-succinyltransferase activity,metA
Lineage_28,homoserine O-acetyltransferase activity,metA
Lineage_28,tryptophan biosynthetic process,trpD
Lineage_28,phenazine biosynthetic process,trpD
Lineage_28,thiosulfate transmembrane transporter activity,tsuA
Lineage_29,protein flavinylation,ftp
Lineage_29,regulation of DNA-binding transcription factor activity,ftp
Lineage_29,phosphoribosyl-ATP diphosphatase activity,hisI
Lineage_29,phosphoribosyl-AMP cyclohydrolase activity,hisI
Lineage_29,"di-trans,poly-cis-undecaprenyl-diphosphate synthase activity",ispU
Lineage_29,dehydrodolichyl diphosphate synthase activity,ispU
Lineage_29,L-methionine biosynthetic process from homoserine via O-succinyl-L-homoserine and cystathionine,metA
Lineage_29,homoserine O-succinyltransferase activity,metA
Lineage_29,homoserine O-acetyltransferase activity,metA
Lineage_29,tryptophan biosynthetic process,trpD
Lineage_29,phenazine biosynthetic process,trpD
Lineage_29,thiosulfate transmembrane transporter activity,tsuA
Lineage_30,protein flavinylation,ftp
Lineage_30,regulation of DNA-binding transcription factor activity,ftp
Lineage_30,phosphoribosyl-ATP diphosphatase activity,hisI
Lineage_30,phosphoribosyl-AMP cyclohydrolase activity,hisI
Lineage_30,"di-trans,poly-cis-undecaprenyl-diphosphate synthase activity",ispU
Lineage_30,dehydrodolichyl diphosphate synthase activity,ispU
Lineage_30,L-methionine biosynthetic process from homoserine via O-succinyl-L-homoserine and cystathionine,metA
Lineage_30,homoserine O-succinyltransferase activity,metA
Lineage_30,homoserine O-acetyltransferase activity,metA
Lineage_30,tryptophan biosynthetic process,trpD
Lineage_30,phenazine biosynthetic process,trpD
Lineage_30,thiosulfate transmembrane transporter activity,tsuA
Lineage_31,protein flavinylation,ftp
Lineage_31,regulation of DNA-binding transcription factor activity,ftp
Lineage_31,phosphoribosyl-ATP diphosphatase activity,hisI
Lineage_31,phosphoribosyl-AMP cyclohydrolase activity,hisI
Lineage_31,"di-trans,poly-cis-undecaprenyl-diphosphate synthase activity",ispU
Lineage_31,dehydrodolichyl diphosphate synthase activity,ispU
Lineage_31,L-methionine biosynthetic process from homoserine via O-succinyl-L-homoserine and cystathionine,metA
Lineage_31,homoserine O-succinyltransferase activity,metA
Lineage_31,homoserine O-acetyltransferase activity,metA
Lineage_31,tryptophan biosynthetic process,trpD
Lineage_31,phenazine biosynthetic process,trpD
Lineage_31,thiosulfate transmembrane transporter activity,tsuA
Lineage_32,protein flavinylation,ftp
Lineage_32,regulation of DNA-binding transcription factor activity,ftp
Lineage_32,phosphoribosyl-ATP diphosphatase activity,hisI
Lineage_32,phosphoribosyl-AMP cyclohydrolase activity,hisI
Lineage_32,"di-trans,poly-cis-undecaprenyl-diphosphate synthase activity",ispU
Lineage_32,dehydrodolichyl diphosphate synthase activity,ispU
Lineage_32,L-methionine biosynthetic process from homoserine via O-succinyl-L-homoserine and cystathionine,metA
Lineage_32,homoserine O-succinyltransferase activity,metA
Lineage_32,homoserine O-acetyltransferase activity,metA
Lineage_32,tryptophan biosynthetic process,trpD
Lineage_32,phenazine biosynthetic process,trpD
Lineage_32,thiosulfate transmembrane transporter activity,tsuA
Lineage_33,protein flavinylation,ftp
Lineage_33,regulation of DNA-binding transcription factor activity,ftp
Lineage_33,phosphoribosyl-ATP diphosphatase activity,hisI
Lineage_33,phosphoribosyl-AMP cyclohydrolase activity,hisI
Lineage_33,"di-trans,poly-cis-undecaprenyl-diphosphate synthase activity",ispU
Lineage_33,dehydrodolichyl diphosphate synthase activity,ispU
Lineage_33,L-methionine biosynthetic process from homoserine via O-succinyl-L-homoserine and cystathionine,metA
Lineage_33,homoserine O-succinyltransferase activity,metA
Lineage_33,homoserine O-acetyltransferase activity,metA
Lineage_33,tryptophan biosynthetic process,trpD
Lineage_33,phenazine biosynthetic process,trpD
Lineage_33,thiosulfate transmembrane transporter activity,tsuA
Lineage_34,protein flavinylation,ftp
Lineage_34,regulation of DNA-binding transcription factor activity,ftp
Lineage_34,phosphoribosyl-ATP diphosphatase activity,hisI
Lineage_34,phosphoribosyl-AMP cyclohydrolase activity,hisI
Lineage_34,"di-trans,poly-cis-undecaprenyl-diphosphate synthase activity",ispU
Lineage_34,dehydrodolichyl diphosphate synthase activity,ispU
Lineage_34,L-methionine biosynthetic process from homoserine via O-succinyl-L-homoserine and cystathionine,metA
Lineage_34,homoserine O-succinyltransferase activity,metA
Lineage_34,homoserine O-acetyltransferase activity,metA
Lineage_34,tryptophan biosynthetic process,trpD
Lineage_34,phenazine biosynthetic process,trpD
Lineage_34,thiosulfate transmembrane transporter activity,tsuA
Lineage_35,protein flavinylation,ftp
Lineage_35,regulation of DNA-binding transcription factor activity,ftp
Lineage_35,phosphoribosyl-ATP diphosphatase activity,hisI
Lineage_35,phosphoribosyl-AMP cyclohydrolase activity,hisI
Lineage_35,"di-trans,poly-cis-undecaprenyl-diphosphate synthase activity",ispU
Lineage_35,dehydrodolichyl diphosphate synthase activity,ispU
Lineage_35,L-methionine biosynthetic process from homoserine via O-succinyl-L-homoserine and cystathionine,metA
Lineage_35,homoserine O-succinyltransferase activity,metA
Lineage_35,homoserine O-acetyltransferase activity,metA
Lineage_35,tryptophan biosynthetic process,trpD
Lineage_35,phenazine biosynthetic process,trpD
Lineage_35,thiosulfate transmembrane transporter activity,tsuA
Lineage_36,protein flavinylation,ftp
Lineage_36,regulation of DNA-binding transcription factor activity,ftp
Lineage_36,phosphoribosyl-ATP diphosphatase activity,hisI
Lineage_36,phosphoribosyl-AMP cyclohydrolase activity,hisI
Lineage_36,"di-trans,poly-cis-undecaprenyl-diphosphate synthase activity",ispU
Lineage_36,dehydrodolichyl diphosphate synthase activity,ispU
Lineage_36,L-methionine biosynthetic process from homoserine via O-succinyl-L-homoserine and cystathionine,metA
Lineage_36,homoserine O-succinyltransferase activity,metA
Lineage_36,homoserine O-acetyltransferase activity,metA
Lineage_36,tryptophan biosynthetic process,trpD
Lineage_36,phenazine biosynthetic process,trpD
Lineage_36,thiosulfate transmembrane transporter activity,tsuA
Lineage_37,protein flavinylation,ftp
Lineage_37,regulation of DNA-binding transcription factor activity,ftp
Lineage_37,phosphoribosyl-ATP diphosphatase activity,hisI
Lineage_37,phosphoribosyl-AMP cyclohydrolase activity,hisI
Lineage_37,"di-trans,poly-cis-undecaprenyl-diphosphate synthase activity",ispU
Lineage_37,dehydrodolichyl diphosphate synthase activity,ispU
Lineage_37,L-methionine biosynthetic process from homoserine via O-succinyl-L-homoserine and cystathionine,metA
Lineage_37,homoserine O-succinyltransferase activity,metA
Lineage_37,homoserine O-acetyltransferase activity,metA
Lineage_37,tryptophan biosynthetic process,trpD
Lineage_37,phenazine biosynthetic process,trpD
Lineage_37,thiosulfate transmembrane transporter activity,tsuA
Lineage_38,protein flavinylation,ftp
Lineage_38,regulation of DNA-binding transcription factor activity,ftp
Lineage_38,phosphoribosyl-ATP diphosphatase activity,hisI
Lineage_38,phosphoribosyl-AMP cyclohydrolase activity,hisI
Lineage_38,"di-trans,poly-cis-undecaprenyl-diphosphate synthase activity",ispU
Lineage_38,dehydrodolichyl diphosphate synthase activity,ispU
Lineage_38,L-methionine biosynthetic process from homoserine via O-succinyl-L-homoserine and cystathionine,metA
Lineage_38,homoserine O-succinyltransferase activity,metA
Lineage_38,homoserine O-acetyltransferase activity,metA
Lineage_38,tryptophan biosynthetic process,trpD
Lineage_38,phenazine biosynthetic process,trpD
Lineage_38,thiosulfate transmembrane transporter activity,tsuA
Lineage_39,protein flavinylation,ftp
Lineage_39,regulation of DNA-binding transcription factor activity,ftp
Lineage_39,phosphoribosyl-ATP diphosphatase activity,hisI
Lineage_39,phosphoribosyl-AMP cyclohydrolase activity,hisI
Lineage_39,"di-trans,poly-cis-undecaprenyl-diphosphate synthase activity",ispU
Lineage_39,dehydrodolichyl diphosphate synthase activity,ispU
Lineage_39,L-methionine biosynthetic process from homoserine via O-succinyl-L-homoserine and cystathionine,metA
Lineage_39,homoserine O-succinyltransferase activity,metA
Lineage_39,homoserine O-acetyltransferase activity,metA
Lineage_39,tryptophan biosynthetic process,trpD
Lineage_39,phenazine biosynthetic process,trpD
Lineage_39,thiosulfate transmembrane transporter activity,tsuA
Lineage_40,protein flavinylation,ftp
Lineage_40,regulation of DNA-binding transcription factor activity,ftp
Lineage_40,phosphoribosyl-ATP diphosphatase activity,hisI
Lineage_40,phosphoribosyl-AMP cyclohydrolase activity,hisI
Lineage_40,"di-trans,poly-cis-undecaprenyl-diphosphate synthase activity",ispU
Lineage_40,dehydrodolichyl diphosphate synthase activity,ispU
Lineage_40,L-methionine biosynthetic process from homoserine via O-succinyl-L-homoserine and cystathionine,metA
Lineage_40,homoserine O-succinyltransferase activity,metA
Lineage_40,homoserine O-acetyltransferase activity,metA
Lineage_40,tryptophan biosynthetic process,trpD
Lineage_40,phenazine biosynthetic process,trpD
Lineage_40,thiosulfate transmembrane transporter activity,tsuA
Lineage_41,protein flavinylation,ftp
Lineage_41,regulation of DNA-binding transcription factor activity,ftp
Lineage_41,phosphoribosyl-ATP diphosphatase activity,hisI
Lineage_41,phosphoribosyl-AMP cyclohydrolase activity,hisI
Lineage_41,"di-trans,poly-cis-undecaprenyl-diphosphate synthase activity",ispU
Lineage_41,dehydrodolichyl diphosphate synthase activity,ispU
Lineage_41,L-methionine biosynthetic process from homoserine via O-succinyl-L-homoserine and cystathionine,metA
Lineage_41,homoserine O-succinyltransferase activity,metA
Lineage_41,homoserine O-acetyltransferase activity,metA
Lineage_41,tryptophan biosynthetic process,trpD
Lineage_41,phenazine biosynthetic process,trpD
Lineage_41,thiosulfate transmembrane transporter activity,tsuA
Lineage_42,protein flavinylation,ftp
Lineage_42,regulation of DNA-binding transcription factor activity,ftp
Lineage_42,phosphoribosyl-ATP diphosphatase activity,hisI
Lineage_42,phosphoribosyl-AMP cyclohydrolase activity,hisI
Lineage_42,"di-trans,poly-cis-undecaprenyl-diphosphate synthase activity",ispU
Lineage_42,dehydrodolichyl diphosphate synthase activity,ispU
Lineage_42,L-methionine biosynthetic process from homoserine via O-succinyl-L-homoserine and cystathionine,metA
Lineage_42,homoserine O-succinyltransferase activity,metA
Lineage_42,homoserine O-acetyltransferase activity,metA
Lineage_42,tryptophan biosynthetic process,trpD
Lineage_42,phenazine biosynthetic process,trpD
Lineage_42,thiosulfate transmembrane transporter activity,tsuA
Lineage_44,protein flavinylation,ftp
Lineage_44,regulation of DNA-binding transcription factor activity,ftp
Lineage_44,phosphoribosyl-ATP diphosphatase activity,hisI
Lineage_44,phosphoribosyl-AMP cyclohydrolase activity,hisI
Lineage_44,"di-trans,poly-cis-undecaprenyl-diphosphate synthase activity",ispU
Lineage_44,dehydrodolichyl diphosphate synthase activity,ispU
Lineage_44,L-methionine biosynthetic process from homoserine via O-succinyl-L-homoserine and cystathionine,metA
Lineage_44,homoserine O-succinyltransferase activity,metA
Lineage_44,homoserine O-acetyltransferase activity,metA
Lineage_44,tryptophan biosynthetic process,trpD
Lineage_44,phenazine biosynthetic process,trpD
Lineage_44,thiosulfate transmembrane transporter activity,tsuA
Lineage_45,amino-acid racemase activity,ygeA
Lineage_45,protein flavinylation,ftp
Lineage_45,regulation of DNA-binding transcription factor activity,ftp
Lineage_45,phosphoribosyl-ATP diphosphatase activity,hisI
Lineage_45,phosphoribosyl-AMP cyclohydrolase activity,hisI
Lineage_45,"di-trans,poly-cis-undecaprenyl-diphosphate synthase activity",ispU
Lineage_45,dehydrodolichyl diphosphate synthase activity,ispU
Lineage_45,L-methionine biosynthetic process from homoserine via O-succinyl-L-homoserine and cystathionine,metA
Lineage_45,homoserine O-succinyltransferase activity,metA
Lineage_45,homoserine O-acetyltransferase activity,metA
Lineage_45,tryptophan biosynthetic process,trpD
Lineage_45,phenazine biosynthetic process,trpD
Lineage_45,thiosulfate transmembrane transporter activity,tsuA
Lineage_46,protein flavinylation,ftp
Lineage_46,regulation of DNA-binding transcription factor activity,ftp
Lineage_46,phosphoribosyl-ATP diphosphatase activity,hisI
Lineage_46,phosphoribosyl-AMP cyclohydrolase activity,hisI
Lineage_46,"di-trans,poly-cis-undecaprenyl-diphosphate synthase activity",ispU
Lineage_46,dehydrodolichyl diphosphate synthase activity,ispU
Lineage_46,L-methionine biosynthetic process from homoserine via O-succinyl-L-homoserine and cystathionine,metA
Lineage_46,homoserine O-succinyltransferase activity,metA
Lineage_46,homoserine O-acetyltransferase activity,metA
Lineage_46,tryptophan biosynthetic process,trpD
Lineage_46,phenazine biosynthetic process,trpD
Lineage_46,thiosulfate transmembrane transporter activity,tsuA
Lineage_47,isocitrate dehydrogenase (NADP+) activity,icd
Lineage_47,protein flavinylation,ftp
Lineage_47,regulation of DNA-binding transcription factor activity,ftp
Lineage_47,phosphoribosyl-ATP diphosphatase activity,hisI
Lineage_47,phosphoribosyl-AMP cyclohydrolase activity,hisI
Lineage_47,"di-trans,poly-cis-undecaprenyl-diphosphate synthase activity",ispU
Lineage_47,dehydrodolichyl diphosphate synthase activity,ispU
Lineage_47,L-methionine biosynthetic process from homoserine via O-succinyl-L-homoserine and cystathionine,metA
Lineage_47,homoserine O-succinyltransferase activity,metA
Lineage_47,homoserine O-acetyltransferase activity,metA
Lineage_47,tryptophan biosynthetic process,trpD
Lineage_47,phenazine biosynthetic process,trpD
Lineage_47,thiosulfate transmembrane transporter activity,tsuA
Lineage_48,co-translational protein modification,def
Lineage_48,peptide deformylase activity,def
Lineage_48,1-(5-phosphoribosyl)-5-[(5-phosphoribosylamino)methylideneamino]imidazole-4-carboxamide isomerase activity,hisA
Lineage_48,histidinol-phosphate transaminase activity,hisC
Lineage_48,protein flavinylation,ftp
Lineage_48,regulation of DNA-binding transcription factor activity,ftp
Lineage_48,phosphoribosyl-ATP diphosphatase activity,hisI
Lineage_48,phosphoribosyl-AMP cyclohydrolase activity,hisI
Lineage_48,"di-trans,poly-cis-undecaprenyl-diphosphate synthase activity",ispU
Lineage_48,dehydrodolichyl diphosphate synthase activity,ispU
Lineage_48,L-methionine biosynthetic process from homoserine via O-succinyl-L-homoserine and cystathionine,metA
Lineage_48,homoserine O-succinyltransferase activity,metA
Lineage_48,homoserine O-acetyltransferase activity,metA
Lineage_48,tryptophan biosynthetic process,trpD
Lineage_48,phenazine biosynthetic process,trpD
Lineage_48,thiosulfate transmembrane transporter activity,tsuA
Lineage_51,protein flavinylation,ftp
Lineage_51,regulation of DNA-binding transcription factor activity,ftp
Lineage_51,phosphoribosyl-ATP diphosphatase activity,hisI
Lineage_51,phosphoribosyl-AMP cyclohydrolase activity,hisI
Lineage_51,"di-trans,poly-cis-undecaprenyl-diphosphate synthase activity",ispU
Lineage_51,dehydrodolichyl diphosphate synthase activity,ispU
Lineage_51,L-methionine biosynthetic process from homoserine via O-succinyl-L-homoserine and cystathionine,metA
Lineage_51,homoserine O-succinyltransferase activity,metA
Lineage_51,homoserine O-acetyltransferase activity,metA
Lineage_51,tryptophan biosynthetic process,trpD
Lineage_51,phenazine biosynthetic process,trpD
Lineage_51,thiosulfate transmembrane transporter activity,tsuA
